payment_id,invoice_id,date_paid,amount_paid,status
PAY_000001,INV_00001,07-02-2025,3035.76,Partial
PAY_000002,INV_00002,12-02-2025,13695.64,Completed
PAY_000003,INV_00003,21-05-2025,1119.76,Completed
PAY_000004,INV_00004,03-02-2025,10354.43,Completed
PAY_000005,INV_00006,20-05-2025,9259.58,Completed
PAY_000006,INV_00007,13-03-2025,14113.72,Completed
PAY_000007,INV_00008,07-04-2025,4698.62,Completed
PAY_000008,INV_00009,07-04-2025,7908.58,Completed
PAY_000009,INV_00010,10-04-2025,16239,Completed
PAY_000010,INV_00011,08-05-2025,19475.76,Completed
PAY_000011,INV_00012,12-04-2025,16673.39,Completed
PAY_000012,INV_00013,03-04-2025,14239.15,Completed
PAY_000013,INV_00014,19-01-2025,15574.83,Completed
PAY_000014,INV_00015,30-01-2025,7912.46,Completed
PAY_000015,INV_00016,07-05-2025,3671.75,Completed
PAY_000016,INV_00017,08-04-2025,14185.5,Completed
PAY_000017,INV_00018,22-01-2025,8247.84,Partial
PAY_000018,INV_00020,02-06-2025,16935.61,Completed
PAY_000019,INV_00021,19-01-2025,16198.39,Completed
PAY_000020,INV_00022,18-04-2025,4614.17,Completed
PAY_000021,INV_00023,26-05-2025,4646.22,Completed
PAY_000022,INV_00024,15-05-2025,3286,Completed
PAY_000023,INV_00025,11-02-2025,11000.45,Partial
PAY_000024,INV_00026,23-04-2025,5038.11,Partial
PAY_000025,INV_00027,08-02-2025,1843.9,Partial
PAY_000026,INV_00028,16-01-2025,12735.2,Completed
PAY_000027,INV_00029,20-04-2025,8002.96,Completed
PAY_000028,INV_00030,30-04-2025,19436.03,Completed
PAY_000029,INV_00031,13-01-2025,13793.35,Completed
PAY_000030,INV_00032,25-05-2025,15487.68,Completed
PAY_000031,INV_00033,07-04-2025,8977.92,Completed
PAY_000032,INV_00034,29-04-2025,19451.82,Completed
PAY_000033,INV_00035,15-02-2025,17475.11,Completed
PAY_000034,INV_00036,18-03-2025,3480.37,Completed
PAY_000035,INV_00037,17-02-2025,12179.42,Completed
PAY_000036,INV_00038,13-05-2025,18617.42,Completed
PAY_000037,INV_00039,22-03-2025,5197,Completed
PAY_000038,INV_00040,28-05-2025,14772.2,Completed
PAY_000039,INV_00041,20-01-2025,3003.63,Completed
PAY_000040,INV_00042,11-05-2025,3936.92,Partial
PAY_000041,INV_00043,27-04-2025,14402.5,Completed
PAY_000042,INV_00044,19-04-2025,9042.95,Completed
PAY_000043,INV_00045,16-05-2025,5334.16,Completed
PAY_000044,INV_00046,21-01-2025,10513.3,Partial
PAY_000045,INV_00047,02-03-2025,640.22,Completed
PAY_000046,INV_00048,24-01-2025,12010.26,Partial
PAY_000047,INV_00049,31-03-2025,4275.14,Partial
PAY_000048,INV_00050,13-05-2025,14605.38,Completed
PAY_000049,INV_00051,30-05-2025,5238.45,Completed
PAY_000050,INV_00052,12-05-2025,1704.52,Partial
PAY_000051,INV_00053,01-05-2025,8516.49,Completed
PAY_000052,INV_00054,16-01-2025,1221.5,Partial
PAY_000053,INV_00055,07-04-2025,4236.01,Completed
PAY_000054,INV_00056,19-05-2025,8726.69,Completed
PAY_000055,INV_00057,21-03-2025,17552.48,Completed
PAY_000056,INV_00058,29-01-2025,1486.47,Completed
PAY_000057,INV_00059,25-05-2025,18564.16,Completed
PAY_000058,INV_00060,10-03-2025,9970,Completed
PAY_000059,INV_00061,24-02-2025,2999.43,Partial
PAY_000060,INV_00062,01-01-2025,18567.1,Completed
PAY_000061,INV_00063,27-04-2025,14083.53,Completed
PAY_000062,INV_00064,26-05-2025,3518.54,Completed
PAY_000063,INV_00065,21-03-2025,9096.96,Partial
PAY_000064,INV_00066,21-05-2025,1614.72,Completed
PAY_000065,INV_00067,03-06-2025,1609.15,Completed
PAY_000066,INV_00068,16-05-2025,1147.06,Partial
PAY_000067,INV_00069,19-01-2025,8373.62,Completed
PAY_000068,INV_00070,05-06-2025,12577.94,Completed
PAY_000069,INV_00071,21-04-2025,18726.77,Completed
PAY_000070,INV_00072,02-03-2025,5154.38,Completed
PAY_000071,INV_00073,20-04-2025,9415.88,Completed
PAY_000072,INV_00074,23-01-2025,12612.61,Completed
PAY_000073,INV_00075,25-05-2025,10983.87,Completed
PAY_000074,INV_00076,16-05-2025,18698.56,Completed
PAY_000075,INV_00077,28-01-2025,6057.25,Completed
PAY_000076,INV_00078,01-05-2025,12427.72,Completed
PAY_000077,INV_00080,30-01-2025,2750.86,Completed
PAY_000078,INV_00081,04-02-2025,5810.79,Completed
PAY_000079,INV_00082,05-03-2025,4470.15,Completed
PAY_000080,INV_00083,19-03-2025,5396.86,Completed
PAY_000081,INV_00084,23-01-2025,16672.29,Completed
PAY_000082,INV_00085,21-01-2025,15536.82,Completed
PAY_000083,INV_00086,12-03-2025,8273.88,Partial
PAY_000084,INV_00087,30-04-2025,1089.93,Partial
PAY_000085,INV_00089,07-06-2025,8880.84,Completed
PAY_000086,INV_00090,15-01-2025,5848.63,Partial
PAY_000087,INV_00091,13-01-2025,13800.3,Completed
PAY_000088,INV_00092,27-01-2025,15740.14,Partial
PAY_000089,INV_00093,11-02-2025,19536.02,Completed
PAY_000090,INV_00095,05-04-2025,5702.71,Completed
PAY_000091,INV_00097,07-03-2025,7318.34,Completed
PAY_000092,INV_00098,04-03-2025,13370.65,Completed
PAY_000093,INV_00099,22-04-2025,17354.88,Completed
PAY_000094,INV_00100,14-03-2025,13750.6,Completed
PAY_000095,INV_00101,23-05-2025,2749.16,Completed
PAY_000096,INV_00102,10-03-2025,1246.02,Completed
PAY_000097,INV_00103,30-04-2025,9009.68,Completed
PAY_000098,INV_00104,17-05-2025,11290.51,Partial
PAY_000099,INV_00106,06-01-2025,3253.89,Partial
PAY_000100,INV_00107,22-01-2025,12651.53,Completed
PAY_000101,INV_00108,09-02-2025,7808.22,Partial
PAY_000102,INV_00109,23-04-2025,14095.56,Completed
PAY_000103,INV_00110,01-06-2025,8698.7,Completed
PAY_000104,INV_00112,26-03-2025,6425.56,Completed
PAY_000105,INV_00113,04-03-2025,6557.01,Partial
PAY_000106,INV_00114,29-04-2025,3390.83,Partial
PAY_000107,INV_00115,14-02-2025,6033.83,Completed
PAY_000108,INV_00116,04-04-2025,13619.52,Completed
PAY_000109,INV_00117,27-02-2025,976.3,Completed
PAY_000110,INV_00118,09-03-2025,9380.62,Completed
PAY_000111,INV_00119,05-06-2025,10140.35,Completed
PAY_000112,INV_00120,04-03-2025,17906.87,Completed
PAY_000113,INV_00121,02-02-2025,3293.88,Partial
PAY_000114,INV_00122,14-05-2025,11369.41,Completed
PAY_000115,INV_00123,09-02-2025,14091.76,Partial
PAY_000116,INV_00124,26-05-2025,19025.77,Completed
PAY_000117,INV_00126,24-05-2025,15001.28,Completed
PAY_000118,INV_00127,08-05-2025,15159.65,Completed
PAY_000119,INV_00128,15-03-2025,12721.59,Completed
PAY_000120,INV_00129,18-03-2025,14414.12,Completed
PAY_000121,INV_00130,03-03-2025,6734.34,Completed
PAY_000122,INV_00131,21-05-2025,3441.2,Completed
PAY_000123,INV_00133,17-01-2025,6952.19,Completed
PAY_000124,INV_00136,05-06-2025,614.97,Completed
PAY_000125,INV_00138,22-04-2025,10020.47,Completed
PAY_000126,INV_00139,18-03-2025,1065.98,Completed
PAY_000127,INV_00140,03-04-2025,14621.54,Completed
PAY_000128,INV_00141,06-05-2025,18185.11,Completed
PAY_000129,INV_00142,02-06-2025,2136.98,Completed
PAY_000130,INV_00144,09-03-2025,4627.38,Completed
PAY_000131,INV_00145,03-04-2025,5926,Completed
PAY_000132,INV_00147,24-05-2025,4872.33,Completed
PAY_000133,INV_00148,19-01-2025,15207.55,Completed
PAY_000134,INV_00149,14-03-2025,8976.66,Partial
PAY_000135,INV_00151,01-06-2025,14139.57,Completed
PAY_000136,INV_00152,15-04-2025,15666.94,Completed
PAY_000137,INV_00154,27-03-2025,3556.75,Partial
PAY_000138,INV_00155,28-02-2025,2487.08,Completed
PAY_000139,INV_00156,23-03-2025,10904.82,Partial
PAY_000140,INV_00157,04-06-2025,10888.53,Completed
PAY_000141,INV_00158,05-04-2025,746.72,Completed
PAY_000142,INV_00159,26-04-2025,8953.71,Completed
PAY_000143,INV_00160,12-04-2025,4645.98,Partial
PAY_000144,INV_00161,30-04-2025,12510.29,Completed
PAY_000145,INV_00162,19-05-2025,9565.04,Completed
PAY_000146,INV_00163,15-03-2025,16699.25,Completed
PAY_000147,INV_00164,31-01-2025,4432.23,Partial
PAY_000148,INV_00165,08-05-2025,2897.28,Partial
PAY_000149,INV_00166,10-05-2025,10007.22,Completed
PAY_000150,INV_00167,10-04-2025,4182.74,Partial
PAY_000151,INV_00168,20-03-2025,10574.23,Completed
PAY_000152,INV_00169,26-02-2025,14541.46,Completed
PAY_000153,INV_00171,10-05-2025,2314.54,Completed
PAY_000154,INV_00173,05-06-2025,11292.72,Completed
PAY_000155,INV_00174,04-04-2025,7360.31,Completed
PAY_000156,INV_00175,28-04-2025,3745.38,Partial
PAY_000157,INV_00176,03-02-2025,2274.62,Partial
PAY_000158,INV_00177,25-05-2025,4235.05,Completed
PAY_000159,INV_00178,14-05-2025,19619.96,Completed
PAY_000160,INV_00179,28-02-2025,7537.18,Completed
PAY_000161,INV_00180,24-03-2025,3744.09,Partial
PAY_000162,INV_00181,16-01-2025,14099.64,Completed
PAY_000163,INV_00183,14-01-2025,4179.04,Partial
PAY_000164,INV_00184,28-04-2025,19327.2,Completed
PAY_000165,INV_00185,13-03-2025,12229.56,Partial
PAY_000166,INV_00186,18-04-2025,11751.91,Completed
PAY_000167,INV_00187,21-01-2025,16317.27,Completed
PAY_000168,INV_00188,21-03-2025,2809.81,Completed
PAY_000169,INV_00189,18-04-2025,15626.02,Completed
PAY_000170,INV_00190,10-04-2025,6298.39,Completed
PAY_000171,INV_00191,03-06-2025,11588.27,Completed
PAY_000172,INV_00192,17-01-2025,15785.94,Partial
PAY_000173,INV_00193,23-02-2025,5660.6,Completed
PAY_000174,INV_00194,31-01-2025,3889.36,Completed
PAY_000175,INV_00196,07-05-2025,5013.79,Completed
PAY_000176,INV_00197,17-03-2025,1888.01,Completed
PAY_000177,INV_00198,09-03-2025,8790.21,Completed
PAY_000178,INV_00199,28-05-2025,15234.05,Partial
PAY_000179,INV_00200,08-02-2025,3735.49,Completed
PAY_000180,INV_00201,23-03-2025,9063.49,Completed
PAY_000181,INV_00202,09-05-2025,14144.81,Completed
PAY_000182,INV_00203,15-03-2025,9036.3,Completed
PAY_000183,INV_00204,12-01-2025,7371.72,Partial
PAY_000184,INV_00205,15-01-2025,19257.27,Completed
PAY_000185,INV_00207,19-03-2025,13510.35,Partial
PAY_000186,INV_00208,22-02-2025,18363.42,Completed
PAY_000187,INV_00209,25-02-2025,5093.8,Partial
PAY_000188,INV_00210,16-05-2025,7285.24,Completed
PAY_000189,INV_00211,29-03-2025,17225.8,Completed
PAY_000190,INV_00212,02-04-2025,6120.25,Completed
PAY_000191,INV_00213,13-04-2025,9369.11,Completed
PAY_000192,INV_00214,23-03-2025,1635.81,Partial
PAY_000193,INV_00215,24-04-2025,5868.21,Partial
PAY_000194,INV_00216,24-05-2025,1315.08,Partial
PAY_000195,INV_00217,20-05-2025,12695.47,Completed
PAY_000196,INV_00218,14-01-2025,11209.78,Completed
PAY_000197,INV_00219,20-03-2025,2867.81,Completed
PAY_000198,INV_00220,13-03-2025,5779.46,Partial
PAY_000199,INV_00221,08-01-2025,2317.58,Completed
PAY_000200,INV_00222,08-02-2025,13130.34,Completed
PAY_000201,INV_00223,14-02-2025,7214.85,Partial
PAY_000202,INV_00224,12-03-2025,19614.77,Completed
PAY_000203,INV_00225,10-03-2025,7979.93,Completed
PAY_000204,INV_00226,14-05-2025,17348.53,Completed
PAY_000205,INV_00227,17-03-2025,7127.57,Completed
PAY_000206,INV_00228,15-05-2025,6015.36,Completed
PAY_000207,INV_00229,25-03-2025,17372.58,Completed
PAY_000208,INV_00230,25-04-2025,7229.92,Completed
PAY_000209,INV_00231,24-05-2025,9379.22,Completed
PAY_000210,INV_00232,27-03-2025,11650.05,Completed
PAY_000211,INV_00234,05-05-2025,8028.54,Completed
PAY_000212,INV_00235,17-02-2025,1168.18,Partial
PAY_000213,INV_00236,27-03-2025,2444.38,Completed
PAY_000214,INV_00237,03-05-2025,8494.58,Completed
PAY_000215,INV_00238,10-02-2025,15739.74,Completed
PAY_000216,INV_00239,16-03-2025,13171.81,Completed
PAY_000217,INV_00240,04-04-2025,19105.72,Completed
PAY_000218,INV_00241,05-05-2025,10032.61,Partial
PAY_000219,INV_00242,11-03-2025,7515.71,Partial
PAY_000220,INV_00243,24-01-2025,10387.62,Partial
PAY_000221,INV_00244,28-01-2025,14033.02,Completed
PAY_000222,INV_00246,23-03-2025,3630.74,Partial
PAY_000223,INV_00247,13-03-2025,11535.6,Completed
PAY_000224,INV_00248,26-02-2025,2039.88,Completed
PAY_000225,INV_00249,09-04-2025,10204.51,Completed
PAY_000226,INV_00250,06-06-2025,6302.17,Partial
PAY_000227,INV_00251,09-03-2025,13503.39,Completed
PAY_000228,INV_00252,02-05-2025,1060.3,Partial
PAY_000229,INV_00253,01-04-2025,12959.3,Completed
PAY_000230,INV_00254,27-04-2025,9408.3,Completed
PAY_000231,INV_00255,24-03-2025,12589.57,Partial
PAY_000232,INV_00256,06-02-2025,11652.49,Completed
PAY_000233,INV_00257,31-05-2025,927.82,Completed
PAY_000234,INV_00258,14-04-2025,11535.62,Completed
PAY_000235,INV_00259,21-01-2025,7054.54,Partial
PAY_000236,INV_00260,17-03-2025,12337.77,Completed
PAY_000237,INV_00261,03-04-2025,12607.38,Completed
PAY_000238,INV_00262,14-02-2025,18116.37,Completed
PAY_000239,INV_00263,19-01-2025,1150.61,Completed
PAY_000240,INV_00264,05-04-2025,2257.6,Completed
PAY_000241,INV_00266,12-02-2025,10851.62,Completed
PAY_000242,INV_00267,11-03-2025,18323.95,Completed
PAY_000243,INV_00268,14-05-2025,16182.53,Completed
PAY_000244,INV_00269,08-05-2025,15205.95,Completed
PAY_000245,INV_00270,27-02-2025,19361.76,Completed
PAY_000246,INV_00271,29-05-2025,15918.3,Completed
PAY_000247,INV_00272,10-01-2025,7320.23,Partial
PAY_000248,INV_00273,18-03-2025,16537.14,Completed
PAY_000249,INV_00275,27-05-2025,7697.46,Partial
PAY_000250,INV_00276,30-04-2025,13160.17,Completed
PAY_000251,INV_00277,05-02-2025,15655.57,Partial
PAY_000252,INV_00278,19-03-2025,726.43,Partial
PAY_000253,INV_00279,19-05-2025,9346.05,Completed
PAY_000254,INV_00280,25-05-2025,17765.57,Completed
PAY_000255,INV_00281,31-01-2025,18811.53,Completed
PAY_000256,INV_00282,14-03-2025,4736.76,Completed
PAY_000257,INV_00283,28-04-2025,1684.12,Partial
PAY_000258,INV_00284,14-04-2025,1044.85,Partial
PAY_000259,INV_00285,16-03-2025,19005.71,Completed
PAY_000260,INV_00286,03-05-2025,13013.24,Completed
PAY_000261,INV_00287,12-01-2025,5249.59,Completed
PAY_000262,INV_00288,10-02-2025,1837.9,Completed
PAY_000263,INV_00289,27-05-2025,16354.53,Completed
PAY_000264,INV_00290,08-03-2025,15878.55,Completed
PAY_000265,INV_00291,06-01-2025,9562.12,Partial
PAY_000266,INV_00292,25-05-2025,2643.56,Completed
PAY_000267,INV_00293,17-01-2025,7485.72,Completed
PAY_000268,INV_00294,04-03-2025,353.67,Partial
PAY_000269,INV_00295,14-03-2025,9053.01,Partial
PAY_000270,INV_00296,24-05-2025,9786.8,Completed
PAY_000271,INV_00297,03-04-2025,9314.11,Completed
PAY_000272,INV_00298,26-02-2025,12901.02,Partial
PAY_000273,INV_00299,16-05-2025,13045.14,Completed
PAY_000274,INV_00300,17-01-2025,17022.32,Completed
PAY_000275,INV_00301,21-04-2025,10060.24,Completed
PAY_000276,INV_00302,03-05-2025,3543.17,Partial
PAY_000277,INV_00304,05-06-2025,7927.64,Completed
PAY_000278,INV_00305,24-05-2025,10358.25,Completed
PAY_000279,INV_00306,21-04-2025,15041.69,Partial
PAY_000280,INV_00307,24-05-2025,8886.36,Completed
PAY_000281,INV_00308,07-03-2025,16634.67,Completed
PAY_000282,INV_00310,30-03-2025,7798.87,Completed
PAY_000283,INV_00311,18-02-2025,579.21,Partial
PAY_000284,INV_00312,25-01-2025,2383.01,Completed
PAY_000285,INV_00313,16-04-2025,11936.07,Completed
PAY_000286,INV_00315,18-04-2025,5231.34,Partial
PAY_000287,INV_00317,07-06-2025,1898.11,Partial
PAY_000288,INV_00318,13-05-2025,7327.22,Completed
PAY_000289,INV_00319,24-05-2025,4752.96,Partial
PAY_000290,INV_00320,04-06-2025,16980.53,Completed
PAY_000291,INV_00321,01-06-2025,849.39,Partial
PAY_000292,INV_00322,15-03-2025,18469.98,Completed
PAY_000293,INV_00323,07-04-2025,15329.02,Partial
PAY_000294,INV_00324,03-06-2025,1856.92,Completed
PAY_000295,INV_00326,05-05-2025,4658.5,Partial
PAY_000296,INV_00328,17-02-2025,11844.45,Partial
PAY_000297,INV_00329,19-03-2025,9970.4,Completed
PAY_000298,INV_00330,03-05-2025,4703.59,Completed
PAY_000299,INV_00331,18-05-2025,5024.95,Partial
PAY_000300,INV_00332,17-03-2025,10775.22,Completed
PAY_000301,INV_00333,27-03-2025,8207.64,Completed
PAY_000302,INV_00334,24-01-2025,6377.68,Completed
PAY_000303,INV_00335,03-03-2025,15401.14,Completed
PAY_000304,INV_00336,26-03-2025,221.59,Partial
PAY_000305,INV_00337,24-04-2025,7914.05,Completed
PAY_000306,INV_00338,03-03-2025,1905.47,Completed
PAY_000307,INV_00339,17-01-2025,9465.21,Completed
PAY_000308,INV_00340,28-01-2025,11681.29,Completed
PAY_000309,INV_00341,21-04-2025,8398.13,Completed
PAY_000310,INV_00342,04-04-2025,5950.68,Partial
PAY_000311,INV_00343,08-04-2025,16967.45,Completed
PAY_000312,INV_00345,19-04-2025,4820.66,Completed
PAY_000313,INV_00346,16-02-2025,10846.79,Completed
PAY_000314,INV_00347,23-02-2025,7346.44,Completed
PAY_000315,INV_00348,10-02-2025,2509.01,Partial
PAY_000316,INV_00349,23-02-2025,15324.2,Completed
PAY_000317,INV_00350,24-01-2025,4250.68,Partial
PAY_000318,INV_00351,28-05-2025,5811.36,Partial
PAY_000319,INV_00352,30-05-2025,17352.81,Completed
PAY_000320,INV_00353,23-03-2025,666.72,Partial
PAY_000321,INV_00354,04-05-2025,16028.43,Completed
PAY_000322,INV_00355,15-01-2025,6552.95,Completed
PAY_000323,INV_00356,04-05-2025,7690.38,Completed
PAY_000324,INV_00357,22-03-2025,12492.66,Completed
PAY_000325,INV_00358,15-05-2025,11816.42,Completed
PAY_000326,INV_00359,20-01-2025,6769.77,Completed
PAY_000327,INV_00360,09-05-2025,19175.59,Completed
PAY_000328,INV_00361,04-05-2025,14910.6,Partial
PAY_000329,INV_00362,31-01-2025,547.32,Partial
PAY_000330,INV_00363,29-04-2025,4674.9,Partial
PAY_000331,INV_00364,22-03-2025,15602.06,Completed
PAY_000332,INV_00366,04-02-2025,6040.87,Completed
PAY_000333,INV_00367,15-02-2025,11863.42,Completed
PAY_000334,INV_00368,14-02-2025,19370.08,Completed
PAY_000335,INV_00369,11-04-2025,6536.85,Completed
PAY_000336,INV_00371,20-05-2025,6755.56,Partial
PAY_000337,INV_00372,09-01-2025,4015.13,Completed
PAY_000338,INV_00373,28-02-2025,1942.56,Partial
PAY_000339,INV_00374,14-02-2025,6267.95,Completed
PAY_000340,INV_00375,28-01-2025,13407.62,Completed
PAY_000341,INV_00376,06-02-2025,3507.93,Completed
PAY_000342,INV_00377,21-02-2025,14563.07,Completed
PAY_000343,INV_00378,18-01-2025,13689.08,Completed
PAY_000344,INV_00379,04-03-2025,6189.02,Partial
PAY_000345,INV_00380,05-05-2025,6534.62,Completed
PAY_000346,INV_00381,05-05-2025,4940.64,Partial
PAY_000347,INV_00382,04-06-2025,15504.05,Completed
PAY_000348,INV_00383,14-04-2025,19342.23,Completed
PAY_000349,INV_00384,23-02-2025,13668.76,Partial
PAY_000350,INV_00385,14-01-2025,17545.28,Completed
PAY_000351,INV_00386,01-06-2025,3633.78,Partial
PAY_000352,INV_00387,16-02-2025,18153.47,Completed
PAY_000353,INV_00388,11-02-2025,18955.06,Completed
PAY_000354,INV_00389,26-02-2025,15196.91,Partial
PAY_000355,INV_00390,19-04-2025,10289.14,Completed
PAY_000356,INV_00392,15-01-2025,16863.94,Completed
PAY_000357,INV_00393,28-03-2025,1246.91,Completed
PAY_000358,INV_00394,06-05-2025,15297.4,Completed
PAY_000359,INV_00395,09-05-2025,9376.08,Partial
PAY_000360,INV_00396,09-01-2025,16781.78,Completed
PAY_000361,INV_00397,27-05-2025,2668.14,Completed
PAY_000362,INV_00398,24-03-2025,2359.56,Partial
PAY_000363,INV_00399,13-03-2025,1113.38,Partial
PAY_000364,INV_00400,12-05-2025,12823.12,Completed
PAY_000365,INV_00401,07-06-2025,6179.8,Completed
PAY_000366,INV_00402,08-01-2025,5191,Completed
PAY_000367,INV_00403,23-04-2025,10707.95,Completed
PAY_000368,INV_00404,10-04-2025,8113.85,Completed
PAY_000369,INV_00405,03-05-2025,19630.27,Completed
PAY_000370,INV_00406,16-03-2025,7463.33,Completed
PAY_000371,INV_00407,23-01-2025,14792.35,Completed
PAY_000372,INV_00408,05-02-2025,3101.49,Completed
PAY_000373,INV_00409,02-04-2025,16363.42,Completed
PAY_000374,INV_00411,08-05-2025,16324.2,Completed
PAY_000375,INV_00412,21-01-2025,1221.18,Completed
PAY_000376,INV_00413,02-03-2025,17772.91,Completed
PAY_000377,INV_00414,26-03-2025,19787.89,Completed
PAY_000378,INV_00415,25-05-2025,1214.11,Completed
PAY_000379,INV_00416,26-02-2025,17311.7,Completed
PAY_000380,INV_00417,19-01-2025,5827.72,Completed
PAY_000381,INV_00418,07-04-2025,12183.44,Partial
PAY_000382,INV_00419,19-04-2025,10175.96,Completed
PAY_000383,INV_00420,09-05-2025,12032.55,Partial
PAY_000384,INV_00421,20-04-2025,6592.12,Partial
PAY_000385,INV_00423,29-01-2025,6476.67,Completed
PAY_000386,INV_00425,19-01-2025,12489.6,Completed
PAY_000387,INV_00426,23-04-2025,1963.3,Completed
PAY_000388,INV_00427,15-04-2025,12799.62,Partial
PAY_000389,INV_00428,12-02-2025,1178.58,Completed
PAY_000390,INV_00429,21-01-2025,7561.94,Completed
PAY_000391,INV_00430,02-06-2025,13741.71,Completed
PAY_000392,INV_00431,07-04-2025,15380.15,Completed
PAY_000393,INV_00432,29-05-2025,8261.66,Completed
PAY_000394,INV_00434,22-02-2025,18314.08,Completed
PAY_000395,INV_00435,07-02-2025,14228.74,Completed
PAY_000396,INV_00436,04-03-2025,14032.62,Completed
PAY_000397,INV_00437,14-05-2025,3146.7,Completed
PAY_000398,INV_00438,27-01-2025,18024.24,Completed
PAY_000399,INV_00439,04-05-2025,8905.5,Partial
PAY_000400,INV_00440,26-01-2025,17880.97,Completed
PAY_000401,INV_00441,20-02-2025,15977.08,Completed
PAY_000402,INV_00442,15-05-2025,19710.08,Completed
PAY_000403,INV_00443,12-02-2025,1012.54,Completed
PAY_000404,INV_00444,23-05-2025,9614.41,Completed
PAY_000405,INV_00445,27-05-2025,1782.09,Completed
PAY_000406,INV_00446,14-04-2025,10751.07,Completed
PAY_000407,INV_00447,15-04-2025,2943.87,Completed
PAY_000408,INV_00448,25-03-2025,9274.5,Completed
PAY_000409,INV_00449,20-05-2025,17620.22,Completed
PAY_000410,INV_00450,29-05-2025,15471.74,Completed
PAY_000411,INV_00451,10-02-2025,16712.12,Completed
PAY_000412,INV_00452,17-05-2025,2818.44,Partial
PAY_000413,INV_00453,24-03-2025,7247.45,Completed
PAY_000414,INV_00454,16-05-2025,5386.8,Completed
PAY_000415,INV_00455,30-05-2025,12687.94,Completed
PAY_000416,INV_00456,20-05-2025,12040.26,Completed
PAY_000417,INV_00457,04-06-2025,9905.82,Partial
PAY_000418,INV_00458,31-03-2025,16592.11,Completed
PAY_000419,INV_00459,11-01-2025,10511.68,Partial
PAY_000420,INV_00460,06-06-2025,15455.7,Completed
PAY_000421,INV_00461,27-04-2025,10211.74,Completed
PAY_000422,INV_00462,28-05-2025,6833.84,Partial
PAY_000423,INV_00463,20-04-2025,1922.97,Completed
PAY_000424,INV_00464,18-01-2025,2934.85,Partial
PAY_000425,INV_00465,08-05-2025,8410.65,Partial
PAY_000426,INV_00466,31-03-2025,14816.9,Completed
PAY_000427,INV_00467,04-04-2025,15332.97,Completed
PAY_000428,INV_00470,08-02-2025,6159.13,Completed
PAY_000429,INV_00471,13-04-2025,5341.27,Completed
PAY_000430,INV_00472,10-02-2025,3063.58,Partial
PAY_000431,INV_00473,17-02-2025,3992.26,Partial
PAY_000432,INV_00474,27-03-2025,1245.62,Partial
PAY_000433,INV_00475,18-04-2025,19350.39,Completed
PAY_000434,INV_00476,25-02-2025,1448.83,Completed
PAY_000435,INV_00477,16-03-2025,6072.09,Completed
PAY_000436,INV_00479,10-03-2025,15395.21,Completed
PAY_000437,INV_00480,06-04-2025,1497.57,Completed
PAY_000438,INV_00481,30-05-2025,9085.86,Partial
PAY_000439,INV_00482,20-01-2025,15405.88,Completed
PAY_000440,INV_00483,16-03-2025,3008.94,Completed
PAY_000441,INV_00484,01-02-2025,16000.5,Completed
PAY_000442,INV_00485,31-03-2025,13649.73,Partial
PAY_000443,INV_00486,21-02-2025,10251.52,Completed
PAY_000444,INV_00487,15-01-2025,14415.04,Completed
PAY_000445,INV_00488,12-05-2025,3404.34,Completed
PAY_000446,INV_00489,17-05-2025,18661.69,Completed
PAY_000447,INV_00490,31-03-2025,14603.99,Partial
PAY_000448,INV_00491,22-03-2025,10392.64,Completed
PAY_000449,INV_00492,15-05-2025,14320.43,Completed
PAY_000450,INV_00493,28-03-2025,6396.17,Partial
PAY_000451,INV_00494,08-02-2025,5897.62,Partial
PAY_000452,INV_00495,07-01-2025,5677.84,Completed
PAY_000453,INV_00496,30-05-2025,6783.41,Partial
PAY_000454,INV_00497,02-06-2025,10722.53,Completed
PAY_000455,INV_00500,25-04-2025,13964.76,Completed
PAY_000456,INV_00501,18-04-2025,17519.95,Completed
PAY_000457,INV_00502,17-01-2025,10614.32,Completed
PAY_000458,INV_00503,03-06-2025,6447.56,Partial
PAY_000459,INV_00504,01-04-2025,18286.42,Completed
PAY_000460,INV_00506,11-03-2025,4249.15,Completed
PAY_000461,INV_00507,06-03-2025,4884.91,Completed
PAY_000462,INV_00508,26-03-2025,6262.42,Partial
PAY_000463,INV_00509,11-05-2025,7301.66,Completed
PAY_000464,INV_00510,19-03-2025,11682.8,Completed
PAY_000465,INV_00511,20-05-2025,16458.36,Completed
PAY_000466,INV_00512,12-02-2025,6108.79,Completed
PAY_000467,INV_00513,25-01-2025,13291.45,Completed
PAY_000468,INV_00514,10-05-2025,16645.06,Completed
PAY_000469,INV_00515,19-03-2025,3176.82,Completed
PAY_000470,INV_00516,03-06-2025,1070.1,Partial
PAY_000471,INV_00517,24-05-2025,1523.58,Completed
PAY_000472,INV_00518,23-04-2025,2460.63,Completed
PAY_000473,INV_00519,13-02-2025,6737.72,Partial
PAY_000474,INV_00520,09-05-2025,9428.89,Partial
PAY_000475,INV_00521,20-03-2025,5997.64,Partial
PAY_000476,INV_00522,02-02-2025,10935.47,Completed
PAY_000477,INV_00523,12-01-2025,17703.78,Completed
PAY_000478,INV_00524,24-02-2025,15865.23,Completed
PAY_000479,INV_00525,26-02-2025,17596.49,Completed
PAY_000480,INV_00526,13-01-2025,13629.97,Partial
PAY_000481,INV_00527,02-04-2025,19787.44,Completed
PAY_000482,INV_00528,28-05-2025,12665.64,Partial
PAY_000483,INV_00529,10-02-2025,2734.84,Partial
PAY_000484,INV_00530,30-01-2025,14756.83,Completed
PAY_000485,INV_00532,28-03-2025,3922.15,Completed
PAY_000486,INV_00533,16-04-2025,2191.39,Completed
PAY_000487,INV_00534,26-01-2025,3127.19,Partial
PAY_000488,INV_00535,06-03-2025,7979.7,Completed
PAY_000489,INV_00537,25-03-2025,5600.29,Completed
PAY_000490,INV_00538,11-04-2025,1711.42,Completed
PAY_000491,INV_00539,09-02-2025,3614.48,Completed
PAY_000492,INV_00540,18-05-2025,7256.92,Partial
PAY_000493,INV_00541,17-03-2025,4773.01,Completed
PAY_000494,INV_00542,07-02-2025,9372.08,Completed
PAY_000495,INV_00543,07-04-2025,15268.34,Completed
PAY_000496,INV_00544,07-03-2025,13766.67,Completed
PAY_000497,INV_00546,09-04-2025,1704.28,Completed
PAY_000498,INV_00547,21-05-2025,11667.68,Completed
PAY_000499,INV_00548,12-02-2025,17162.48,Completed
PAY_000500,INV_00549,25-04-2025,14479.9,Completed
PAY_000501,INV_00550,07-05-2025,16269.5,Completed
PAY_000502,INV_00551,05-05-2025,9407.57,Completed
PAY_000503,INV_00553,28-03-2025,8221,Completed
PAY_000504,INV_00554,04-01-2025,11777.07,Completed
PAY_000505,INV_00555,15-01-2025,14157.51,Completed
PAY_000506,INV_00556,21-05-2025,19729.68,Completed
PAY_000507,INV_00557,09-05-2025,8472.91,Completed
PAY_000508,INV_00558,05-02-2025,7801.99,Completed
PAY_000509,INV_00559,17-04-2025,7825.09,Completed
PAY_000510,INV_00560,26-05-2025,2813.35,Completed
PAY_000511,INV_00561,24-05-2025,14693.23,Completed
PAY_000512,INV_00562,01-03-2025,19580.57,Completed
PAY_000513,INV_00563,07-05-2025,10872.71,Completed
PAY_000514,INV_00564,05-03-2025,7250.11,Completed
PAY_000515,INV_00565,20-03-2025,1128.24,Completed
PAY_000516,INV_00566,25-04-2025,5192.99,Completed
PAY_000517,INV_00567,23-01-2025,9205.6,Completed
PAY_000518,INV_00568,18-01-2025,8344.17,Completed
PAY_000519,INV_00569,07-03-2025,15210.52,Completed
PAY_000520,INV_00570,21-01-2025,5066.15,Completed
PAY_000521,INV_00571,02-06-2025,5119.63,Completed
PAY_000522,INV_00572,15-02-2025,8564.42,Completed
PAY_000523,INV_00573,18-03-2025,12706.87,Completed
PAY_000524,INV_00574,24-04-2025,1414.24,Completed
PAY_000525,INV_00575,06-04-2025,15823.19,Completed
PAY_000526,INV_00576,29-03-2025,8461.05,Completed
PAY_000527,INV_00579,08-02-2025,3552.12,Partial
PAY_000528,INV_00580,21-04-2025,8074.17,Completed
PAY_000529,INV_00582,29-04-2025,10944.89,Completed
PAY_000530,INV_00583,18-02-2025,7854.78,Completed
PAY_000531,INV_00584,15-01-2025,16190.69,Completed
PAY_000532,INV_00585,08-06-2025,9848.19,Completed
PAY_000533,INV_00586,05-04-2025,4630.25,Completed
PAY_000534,INV_00587,23-02-2025,4860.32,Partial
PAY_000535,INV_00588,12-05-2025,3779.5,Partial
PAY_000536,INV_00589,07-03-2025,7088.66,Partial
PAY_000537,INV_00591,06-04-2025,9587.08,Completed
PAY_000538,INV_00592,06-05-2025,18329.44,Completed
PAY_000539,INV_00593,07-04-2025,1391.45,Completed
PAY_000540,INV_00594,07-03-2025,816.29,Completed
PAY_000541,INV_00595,23-05-2025,6256.25,Completed
PAY_000542,INV_00596,24-02-2025,7906.88,Completed
PAY_000543,INV_00598,12-05-2025,9486.17,Completed
PAY_000544,INV_00601,25-01-2025,15404.61,Completed
PAY_000545,INV_00602,22-04-2025,1825.37,Completed
PAY_000546,INV_00603,09-02-2025,10361.79,Completed
PAY_000547,INV_00604,09-04-2025,13356.04,Completed
PAY_000548,INV_00605,14-01-2025,731.09,Completed
PAY_000549,INV_00606,26-05-2025,10946.89,Completed
PAY_000550,INV_00607,21-03-2025,16220.27,Completed
PAY_000551,INV_00609,08-03-2025,16396.68,Completed
PAY_000552,INV_00610,12-03-2025,7774.51,Completed
PAY_000553,INV_00611,17-04-2025,19809.54,Completed
PAY_000554,INV_00612,05-03-2025,9328.89,Partial
PAY_000555,INV_00613,18-01-2025,7895.65,Completed
PAY_000556,INV_00614,23-05-2025,12916.59,Completed
PAY_000557,INV_00615,19-02-2025,8048.17,Partial
PAY_000558,INV_00616,02-04-2025,9004.74,Partial
PAY_000559,INV_00617,11-01-2025,18074.82,Completed
PAY_000560,INV_00618,30-05-2025,1407.96,Completed
PAY_000561,INV_00620,27-05-2025,3997.41,Completed
PAY_000562,INV_00621,29-03-2025,11947.2,Completed
PAY_000563,INV_00622,19-04-2025,3667.78,Completed
PAY_000564,INV_00623,12-03-2025,13702.18,Completed
PAY_000565,INV_00624,27-05-2025,10200.91,Partial
PAY_000566,INV_00625,11-02-2025,3520.91,Partial
PAY_000567,INV_00626,08-04-2025,9023.22,Completed
PAY_000568,INV_00628,31-03-2025,15779.19,Completed
PAY_000569,INV_00629,29-04-2025,7438.32,Completed
PAY_000570,INV_00630,16-04-2025,13754.05,Completed
PAY_000571,INV_00631,12-04-2025,16062.08,Completed
PAY_000572,INV_00632,26-01-2025,1788.13,Partial
PAY_000573,INV_00633,16-02-2025,6675.23,Completed
PAY_000574,INV_00635,27-04-2025,2493.51,Completed
PAY_000575,INV_00636,25-01-2025,9252.45,Completed
PAY_000576,INV_00637,24-05-2025,2514.21,Completed
PAY_000577,INV_00638,01-02-2025,4039.26,Partial
PAY_000578,INV_00639,29-03-2025,6191.02,Completed
PAY_000579,INV_00641,25-05-2025,13863.66,Completed
PAY_000580,INV_00642,20-02-2025,6372.06,Completed
PAY_000581,INV_00644,15-03-2025,6192.23,Partial
PAY_000582,INV_00645,24-01-2025,18912.33,Completed
PAY_000583,INV_00646,16-05-2025,9428.3,Completed
PAY_000584,INV_00647,06-02-2025,19002.06,Completed
PAY_000585,INV_00648,06-04-2025,16179.49,Completed
PAY_000586,INV_00650,14-02-2025,12262.62,Completed
PAY_000587,INV_00651,25-02-2025,3963.93,Completed
PAY_000588,INV_00652,21-04-2025,6976.18,Partial
PAY_000589,INV_00653,06-05-2025,3968.76,Partial
PAY_000590,INV_00655,04-06-2025,13793.4,Completed
PAY_000591,INV_00656,31-05-2025,18888.01,Completed
PAY_000592,INV_00657,24-02-2025,16710,Completed
PAY_000593,INV_00659,29-03-2025,13343.93,Completed
PAY_000594,INV_00660,25-04-2025,9256.8,Completed
PAY_000595,INV_00661,04-05-2025,10920.16,Completed
PAY_000596,INV_00662,25-04-2025,15919.06,Completed
PAY_000597,INV_00663,11-04-2025,2632.7,Completed
PAY_000598,INV_00665,20-01-2025,17031.93,Partial
PAY_000599,INV_00666,26-03-2025,705.68,Completed
PAY_000600,INV_00668,15-04-2025,7226.86,Completed
PAY_000601,INV_00669,13-01-2025,6260.93,Completed
PAY_000602,INV_00670,22-01-2025,7292.41,Completed
PAY_000603,INV_00671,03-04-2025,10661.74,Completed
PAY_000604,INV_00672,04-04-2025,9044.24,Completed
PAY_000605,INV_00673,04-05-2025,5636.68,Partial
PAY_000606,INV_00674,03-02-2025,4429.34,Partial
PAY_000607,INV_00675,12-02-2025,10561.88,Completed
PAY_000608,INV_00676,26-05-2025,11417.05,Completed
PAY_000609,INV_00677,05-05-2025,6454.98,Partial
PAY_000610,INV_00678,18-02-2025,8213.86,Completed
PAY_000611,INV_00679,28-02-2025,8082.3,Completed
PAY_000612,INV_00680,05-03-2025,15170.35,Completed
PAY_000613,INV_00681,27-01-2025,16090.3,Completed
PAY_000614,INV_00682,20-05-2025,3045.86,Partial
PAY_000615,INV_00683,02-05-2025,13578.68,Completed
PAY_000616,INV_00684,11-05-2025,12140.93,Completed
PAY_000617,INV_00685,13-04-2025,7284.53,Completed
PAY_000618,INV_00686,06-05-2025,6271.29,Partial
PAY_000619,INV_00687,21-03-2025,13606.15,Completed
PAY_000620,INV_00688,26-03-2025,6454.91,Completed
PAY_000621,INV_00689,24-02-2025,10461.08,Completed
PAY_000622,INV_00690,24-04-2025,11708.72,Completed
PAY_000623,INV_00691,21-04-2025,12892.28,Completed
PAY_000624,INV_00692,23-02-2025,10048.02,Completed
PAY_000625,INV_00693,10-02-2025,16918.71,Completed
PAY_000626,INV_00695,20-02-2025,8478.12,Completed
PAY_000627,INV_00696,08-05-2025,8060.96,Partial
PAY_000628,INV_00697,27-01-2025,16019.68,Completed
PAY_000629,INV_00698,04-03-2025,5859.63,Completed
PAY_000630,INV_00699,22-05-2025,15724.43,Completed
PAY_000631,INV_00700,04-06-2025,11219.66,Completed
PAY_000632,INV_00701,02-02-2025,5723.83,Completed
PAY_000633,INV_00702,22-05-2025,6323.52,Partial
PAY_000634,INV_00703,02-05-2025,14998.35,Partial
PAY_000635,INV_00704,05-02-2025,6305.32,Completed
PAY_000636,INV_00705,12-01-2025,7297.25,Completed
PAY_000637,INV_00706,26-01-2025,15624.82,Completed
PAY_000638,INV_00707,07-03-2025,17290.45,Completed
PAY_000639,INV_00709,24-02-2025,10879.48,Completed
PAY_000640,INV_00710,27-05-2025,19590.5,Completed
PAY_000641,INV_00711,26-03-2025,19071.75,Completed
PAY_000642,INV_00712,18-05-2025,3143.98,Completed
PAY_000643,INV_00713,18-04-2025,17407.43,Completed
PAY_000644,INV_00714,08-02-2025,2339.49,Partial
PAY_000645,INV_00715,24-03-2025,10044.45,Completed
PAY_000646,INV_00716,03-06-2025,12742.35,Completed
PAY_000647,INV_00717,10-04-2025,9035.06,Partial
PAY_000648,INV_00718,25-01-2025,14046.72,Completed
PAY_000649,INV_00719,12-04-2025,6006.87,Partial
PAY_000650,INV_00720,08-01-2025,14753.17,Completed
PAY_000651,INV_00721,05-05-2025,17077.07,Completed
PAY_000652,INV_00722,23-05-2025,19378.51,Completed
PAY_000653,INV_00723,24-02-2025,6795.87,Completed
PAY_000654,INV_00724,20-03-2025,11539.77,Completed
PAY_000655,INV_00725,11-05-2025,1395.89,Completed
PAY_000656,INV_00726,07-05-2025,18623.94,Completed
PAY_000657,INV_00727,18-02-2025,513.18,Completed
PAY_000658,INV_00728,20-04-2025,17701.88,Completed
PAY_000659,INV_00729,26-03-2025,2320.13,Completed
PAY_000660,INV_00730,03-04-2025,7750.95,Completed
PAY_000661,INV_00731,15-02-2025,12699.28,Completed
PAY_000662,INV_00732,07-03-2025,14222.11,Completed
PAY_000663,INV_00733,01-01-2025,2019.81,Completed
PAY_000664,INV_00734,07-03-2025,681.1,Completed
PAY_000665,INV_00735,29-03-2025,14033.6,Completed
PAY_000666,INV_00736,07-05-2025,4492.87,Partial
PAY_000667,INV_00737,31-01-2025,7667.45,Completed
PAY_000668,INV_00738,24-03-2025,15582.48,Completed
PAY_000669,INV_00739,12-02-2025,1561.53,Partial
PAY_000670,INV_00740,01-06-2025,9081.94,Completed
PAY_000671,INV_00741,03-03-2025,18437.94,Completed
PAY_000672,INV_00743,07-02-2025,11996.69,Completed
PAY_000673,INV_00744,17-04-2025,6632.82,Completed
PAY_000674,INV_00745,12-02-2025,7164.19,Partial
PAY_000675,INV_00747,10-01-2025,4506.19,Completed
PAY_000676,INV_00748,12-05-2025,6263.07,Completed
PAY_000677,INV_00749,16-01-2025,5737.95,Partial
PAY_000678,INV_00750,04-03-2025,10801.59,Completed
PAY_000679,INV_00752,05-06-2025,11153.95,Completed
PAY_000680,INV_00753,22-02-2025,19111.83,Completed
PAY_000681,INV_00754,27-01-2025,768.97,Completed
PAY_000682,INV_00755,27-02-2025,18999.26,Completed
PAY_000683,INV_00756,18-04-2025,12757.13,Completed
PAY_000684,INV_00758,23-04-2025,2961.91,Partial
PAY_000685,INV_00759,23-03-2025,19499.11,Completed
PAY_000686,INV_00760,11-02-2025,8119.26,Completed
PAY_000687,INV_00761,17-01-2025,14734.19,Completed
PAY_000688,INV_00762,07-03-2025,2181.15,Completed
PAY_000689,INV_00763,29-04-2025,12439.79,Completed
PAY_000690,INV_00764,17-01-2025,1155.47,Partial
PAY_000691,INV_00765,05-02-2025,3694.74,Completed
PAY_000692,INV_00766,03-04-2025,3755.78,Completed
PAY_000693,INV_00768,07-02-2025,7032.72,Completed
PAY_000694,INV_00769,20-04-2025,5627.52,Completed
PAY_000695,INV_00770,04-06-2025,10174.88,Completed
PAY_000696,INV_00771,18-05-2025,6691.54,Partial
PAY_000697,INV_00772,02-06-2025,3567.54,Completed
PAY_000698,INV_00774,14-05-2025,17244.44,Completed
PAY_000699,INV_00775,08-01-2025,9699.41,Completed
PAY_000700,INV_00776,17-04-2025,18657.62,Completed
PAY_000701,INV_00777,13-01-2025,4878.05,Completed
PAY_000702,INV_00779,20-01-2025,1957.1,Partial
PAY_000703,INV_00780,23-01-2025,5170.32,Partial
PAY_000704,INV_00781,16-01-2025,17601.33,Completed
PAY_000705,INV_00782,15-03-2025,6882.37,Completed
PAY_000706,INV_00784,18-03-2025,14921.73,Completed
PAY_000707,INV_00785,14-03-2025,5665.41,Partial
PAY_000708,INV_00786,16-05-2025,14783.04,Completed
PAY_000709,INV_00787,28-05-2025,3436.04,Completed
PAY_000710,INV_00788,24-04-2025,6339.7,Partial
PAY_000711,INV_00789,03-01-2025,15299.12,Completed
PAY_000712,INV_00791,22-05-2025,5260.7,Partial
PAY_000713,INV_00792,22-01-2025,2314.02,Completed
PAY_000714,INV_00793,02-03-2025,14166.51,Completed
PAY_000715,INV_00794,10-04-2025,4502.11,Partial
PAY_000716,INV_00795,16-05-2025,1959.19,Completed
PAY_000717,INV_00796,29-05-2025,13417.66,Completed
PAY_000718,INV_00797,04-02-2025,5589.32,Completed
PAY_000719,INV_00798,01-04-2025,6702.13,Completed
PAY_000720,INV_00799,12-03-2025,18899.32,Completed
PAY_000721,INV_00800,13-02-2025,3530.51,Completed
PAY_000722,INV_00801,16-02-2025,6623.65,Completed
PAY_000723,INV_00802,05-02-2025,19310.38,Completed
PAY_000724,INV_00803,04-03-2025,6151.06,Partial
PAY_000725,INV_00804,02-02-2025,16248.14,Completed
PAY_000726,INV_00805,26-03-2025,4692.91,Completed
PAY_000727,INV_00806,04-04-2025,14367.57,Completed
PAY_000728,INV_00807,04-04-2025,13705.08,Completed
PAY_000729,INV_00808,11-03-2025,19065.88,Completed
PAY_000730,INV_00809,29-04-2025,2347.14,Completed
PAY_000731,INV_00812,07-04-2025,11855.31,Completed
PAY_000732,INV_00813,11-03-2025,19944.65,Completed
PAY_000733,INV_00814,26-02-2025,16281.32,Completed
PAY_000734,INV_00815,29-01-2025,1332.58,Completed
PAY_000735,INV_00816,09-05-2025,18520.57,Completed
PAY_000736,INV_00817,25-04-2025,6963.11,Partial
PAY_000737,INV_00818,12-04-2025,1318.43,Partial
PAY_000738,INV_00819,01-03-2025,5957.16,Completed
PAY_000739,INV_00820,09-02-2025,13121.93,Completed
PAY_000740,INV_00821,13-05-2025,1689.09,Completed
PAY_000741,INV_00822,22-03-2025,8675.08,Completed
PAY_000742,INV_00823,15-05-2025,19793.37,Completed
PAY_000743,INV_00824,05-04-2025,7208.67,Completed
PAY_000744,INV_00825,30-05-2025,8073.43,Completed
PAY_000745,INV_00826,23-02-2025,12143.77,Completed
PAY_000746,INV_00827,08-01-2025,1642.53,Completed
PAY_000747,INV_00828,08-05-2025,15453.42,Completed
PAY_000748,INV_00829,09-03-2025,3073.91,Partial
PAY_000749,INV_00830,10-03-2025,15398.97,Completed
PAY_000750,INV_00831,04-03-2025,7418.69,Completed
PAY_000751,INV_00832,14-02-2025,12054.13,Completed
PAY_000752,INV_00833,06-04-2025,14217.33,Completed
PAY_000753,INV_00834,11-04-2025,11480.62,Completed
PAY_000754,INV_00835,26-02-2025,3923.36,Completed
PAY_000755,INV_00837,03-03-2025,513.33,Completed
PAY_000756,INV_00838,26-02-2025,14480.28,Completed
PAY_000757,INV_00840,11-02-2025,13680.67,Partial
PAY_000758,INV_00841,14-04-2025,14238.49,Completed
PAY_000759,INV_00842,14-04-2025,7062.94,Completed
PAY_000760,INV_00843,30-03-2025,14780.86,Completed
PAY_000761,INV_00844,26-04-2025,4870.24,Partial
PAY_000762,INV_00845,19-02-2025,4853.13,Completed
PAY_000763,INV_00846,04-06-2025,6483.05,Completed
PAY_000764,INV_00847,24-03-2025,14712.2,Completed
PAY_000765,INV_00848,01-06-2025,4050.59,Completed
PAY_000766,INV_00849,27-03-2025,12973.11,Completed
PAY_000767,INV_00850,28-01-2025,3349.41,Partial
PAY_000768,INV_00851,20-01-2025,19656.4,Completed
PAY_000769,INV_00852,13-02-2025,16522.41,Completed
PAY_000770,INV_00853,27-03-2025,5671.64,Completed
PAY_000771,INV_00854,13-03-2025,7334.38,Completed
PAY_000772,INV_00855,04-02-2025,725.3,Partial
PAY_000773,INV_00856,01-05-2025,19397.49,Completed
PAY_000774,INV_00857,21-04-2025,7349.01,Completed
PAY_000775,INV_00858,15-04-2025,13070.69,Partial
PAY_000776,INV_00859,30-05-2025,3671.8,Completed
PAY_000777,INV_00860,25-01-2025,287.01,Partial
PAY_000778,INV_00861,16-03-2025,7165.26,Completed
PAY_000779,INV_00862,07-04-2025,5433.93,Partial
PAY_000780,INV_00863,02-02-2025,14237.84,Completed
PAY_000781,INV_00864,26-04-2025,12342.69,Completed
PAY_000782,INV_00865,22-04-2025,2474.53,Completed
PAY_000783,INV_00866,26-02-2025,10708.34,Partial
PAY_000784,INV_00868,04-02-2025,11649.51,Completed
PAY_000785,INV_00869,11-05-2025,7536.16,Completed
PAY_000786,INV_00870,28-04-2025,7818.17,Partial
PAY_000787,INV_00871,10-05-2025,1001.85,Completed
PAY_000788,INV_00872,17-02-2025,19552.63,Completed
PAY_000789,INV_00873,02-05-2025,7336.44,Partial
PAY_000790,INV_00874,09-05-2025,2277.17,Completed
PAY_000791,INV_00875,23-05-2025,7734.9,Completed
PAY_000792,INV_00876,16-04-2025,9192.62,Completed
PAY_000793,INV_00877,11-03-2025,5636.32,Completed
PAY_000794,INV_00878,14-03-2025,3447.05,Completed
PAY_000795,INV_00879,27-01-2025,16259.51,Completed
PAY_000796,INV_00881,15-04-2025,19329.74,Completed
PAY_000797,INV_00882,02-05-2025,9787.11,Completed
PAY_000798,INV_00883,31-01-2025,5993.89,Partial
PAY_000799,INV_00885,26-04-2025,19457.22,Completed
PAY_000800,INV_00886,21-02-2025,8755.81,Completed
PAY_000801,INV_00887,01-05-2025,16765.11,Completed
PAY_000802,INV_00888,15-03-2025,2197.04,Completed
PAY_000803,INV_00889,27-05-2025,17204.17,Completed
PAY_000804,INV_00890,17-05-2025,15837.74,Completed
PAY_000805,INV_00891,10-06-2025,2694.12,Completed
PAY_000806,INV_00892,09-02-2025,18536.1,Completed
PAY_000807,INV_00893,01-06-2025,15822.04,Completed
PAY_000808,INV_00894,19-05-2025,5650.66,Completed
PAY_000809,INV_00895,12-05-2025,1230.58,Completed
PAY_000810,INV_00897,23-04-2025,17846.7,Completed
PAY_000811,INV_00898,02-04-2025,1461.17,Completed
PAY_000812,INV_00899,05-05-2025,894.54,Completed
PAY_000813,INV_00900,23-03-2025,14182.14,Partial
PAY_000814,INV_00901,01-02-2025,6359.37,Completed
PAY_000815,INV_00902,29-04-2025,4892.7,Partial
PAY_000816,INV_00903,22-04-2025,4164.75,Completed
PAY_000817,INV_00904,24-02-2025,15310.12,Completed
PAY_000818,INV_00906,12-05-2025,9230.69,Partial
PAY_000819,INV_00907,24-05-2025,1979.59,Partial
PAY_000820,INV_00908,22-02-2025,414.17,Partial
PAY_000821,INV_00909,23-01-2025,5842.56,Completed
PAY_000822,INV_00911,08-02-2025,5217.79,Completed
PAY_000823,INV_00912,12-05-2025,3962.88,Completed
PAY_000824,INV_00913,04-05-2025,3218.48,Partial
PAY_000825,INV_00914,14-03-2025,6058.85,Completed
PAY_000826,INV_00916,02-03-2025,9825.96,Partial
PAY_000827,INV_00917,16-03-2025,10508.98,Completed
PAY_000828,INV_00918,08-01-2025,13123.75,Completed
PAY_000829,INV_00919,06-01-2025,12362.71,Completed
PAY_000830,INV_00920,29-03-2025,6150.41,Partial
PAY_000831,INV_00921,08-04-2025,5413.97,Completed
PAY_000832,INV_00922,07-05-2025,11897.5,Completed
PAY_000833,INV_00923,03-01-2025,11448.41,Completed
PAY_000834,INV_00924,16-03-2025,9893.9,Completed
PAY_000835,INV_00925,03-04-2025,17299.09,Completed
PAY_000836,INV_00927,19-05-2025,14226.53,Partial
PAY_000837,INV_00928,24-04-2025,13774.74,Completed
PAY_000838,INV_00929,08-01-2025,19950.65,Completed
PAY_000839,INV_00930,17-03-2025,3094.16,Partial
PAY_000840,INV_00931,20-01-2025,7191.76,Completed
PAY_000841,INV_00932,28-02-2025,18177.27,Completed
PAY_000842,INV_00933,09-04-2025,16985.68,Completed
PAY_000843,INV_00934,29-05-2025,2403.26,Completed
PAY_000844,INV_00935,09-02-2025,14641.14,Completed
PAY_000845,INV_00936,29-05-2025,13444.49,Partial
PAY_000846,INV_00937,06-04-2025,3754.08,Partial
PAY_000847,INV_00938,05-03-2025,8699.22,Completed
PAY_000848,INV_00939,31-03-2025,11918.63,Completed
PAY_000849,INV_00940,08-05-2025,1546.7,Completed
PAY_000850,INV_00942,25-02-2025,17416.21,Completed
PAY_000851,INV_00943,12-04-2025,8555.59,Completed
PAY_000852,INV_00945,26-05-2025,6669.48,Completed
PAY_000853,INV_00947,20-02-2025,591.91,Completed
PAY_000854,INV_00948,12-03-2025,5508.68,Partial
PAY_000855,INV_00949,16-02-2025,2180.89,Partial
PAY_000856,INV_00950,28-04-2025,8366.17,Completed
PAY_000857,INV_00951,09-05-2025,1235.64,Completed
PAY_000858,INV_00952,03-03-2025,19026.34,Completed
PAY_000859,INV_00953,01-04-2025,325.68,Partial
PAY_000860,INV_00954,07-01-2025,4912.18,Completed
PAY_000861,INV_00955,01-04-2025,2502.81,Completed
PAY_000862,INV_00956,11-05-2025,3094.33,Partial
PAY_000863,INV_00957,12-01-2025,3221.41,Partial
PAY_000864,INV_00958,24-05-2025,7442.23,Partial
PAY_000865,INV_00959,06-02-2025,7505.39,Completed
PAY_000866,INV_00961,05-03-2025,4618.21,Completed
PAY_000867,INV_00962,15-01-2025,2901.66,Completed
PAY_000868,INV_00963,19-01-2025,15539.37,Completed
PAY_000869,INV_00964,21-01-2025,8120.79,Partial
PAY_000870,INV_00965,12-01-2025,8627.12,Completed
PAY_000871,INV_00966,10-04-2025,9750.73,Completed
PAY_000872,INV_00967,09-02-2025,6371.77,Completed
PAY_000873,INV_00968,29-01-2025,12644.56,Completed
PAY_000874,INV_00969,09-02-2025,10475.9,Completed
PAY_000875,INV_00970,08-02-2025,15802.82,Completed
PAY_000876,INV_00971,08-05-2025,15670.2,Completed
PAY_000877,INV_00972,23-05-2025,14217.02,Completed
PAY_000878,INV_00973,22-03-2025,11188.71,Completed
PAY_000879,INV_00974,24-02-2025,4091.09,Partial
PAY_000880,INV_00975,05-01-2025,13434.02,Partial
PAY_000881,INV_00976,28-05-2025,3408.32,Completed
PAY_000882,INV_00977,02-02-2025,14609.49,Completed
PAY_000883,INV_00979,27-03-2025,1476.56,Completed
PAY_000884,INV_00980,15-02-2025,7524.19,Completed
PAY_000885,INV_00981,30-03-2025,2352.47,Completed
PAY_000886,INV_00982,16-01-2025,13435.42,Completed
PAY_000887,INV_00983,18-02-2025,17943.29,Completed
PAY_000888,INV_00984,10-03-2025,7766.13,Completed
PAY_000889,INV_00985,06-04-2025,8315.16,Completed
PAY_000890,INV_00986,06-05-2025,13953.1,Completed
PAY_000891,INV_00987,09-05-2025,2704.6,Completed
PAY_000892,INV_00988,20-01-2025,8612.54,Completed
PAY_000893,INV_00989,13-05-2025,1295.89,Partial
PAY_000894,INV_00990,17-04-2025,12421.49,Completed
PAY_000895,INV_00991,12-02-2025,1831.01,Partial
PAY_000896,INV_00992,20-04-2025,574.25,Partial
PAY_000897,INV_00993,31-03-2025,19568.96,Completed
PAY_000898,INV_00995,07-03-2025,13442.36,Completed
PAY_000899,INV_00996,13-04-2025,727.07,Completed
PAY_000900,INV_00997,14-02-2025,11455.78,Partial
PAY_000901,INV_00998,12-02-2025,6752.36,Completed
PAY_000902,INV_00999,04-04-2025,10385.12,Completed
PAY_000903,INV_01000,23-05-2025,5478.87,Partial
